scene,narration,broll_keyword,on_screen_text,kind
1,"Mark and Dan started the exact same job, on the exact same day, for the exact same paycheck.",happy retired couple,,broll
2,Same salary every year.,happy retired couple,,broll
3,Same raises.,happy retired couple,,broll
4,Same bonuses.,happy retired couple,,broll
5,"On paper, they were financial twins.",happy retired couple,,broll
6,"But thirty years later, one of them retired a millionaire, free to do whatever he wanted, and the other was still clocking in every morning, quietly terrified of opening his bank account.",happy retired couple,,broll
7,"Here's the unsettling part, the part that should make you lean in: the one who ended up rich never earned a single dollar more than the other.",happy retired couple,,broll
8,No secret inheritance.,happy retired couple,,broll
9,No lottery ticket.,happy retired couple,,broll
10,No genius stock pick.,happy retired couple,,broll
11,"The entire difference came down to a handful of small, almost invisible choices, the kind of choices you are probably making or not making right now without even noticing.",happy retired couple,,broll
12,"Let me show you exactly how this happened, step by step, because once you see this pattern, I promise you cannot unsee it, and you'll start spotting it everywhere in your own life.",happy retired couple,,broll
13,Let's meet our two friends properly.,investing app phone,,broll
14,Mark is the guy everyone loves.,investing app phone,,broll
15,"The day his first paycheck hit, he leased a brand-new car with the big engine and the leather seats.",investing app phone,,broll
16,He upgraded to the nicer apartment downtown.,investing app phone,,broll
17,"Nice watch, newest phone every year, dinners out four nights a week.",investing app phone,,broll
18,"From the outside, Mark looked like the most successful person in the room.",investing app phone,,broll
19,Dan?,investing app phone,,broll
20,Dan was almost boring.,investing app phone,,broll
21,"He drove a clean, reliable used car he paid for outright.",investing app phone,,broll
22,He found a modest apartment with a roommate for the first few years.,investing app phone,,broll
23,"He still went out, still had fun, but he quietly set up one thing Mark never did: an automatic transfer that moved a slice of every paycheck into investments before he could spend it.",investing app phone,,broll
24,Same income.,investing app phone,,broll
25,Two completely different machines running underneath.,investing app phone,,broll
26,"For the first couple of years, nothing dramatic happened, and that's exactly why this trap is so dangerous.",investing app phone,,broll
27,Mark was clearly winning.,investing app phone,,broll
28,"He had the lifestyle, the photos, the envy.",investing app phone,,broll
29,"Dan's investment account was small and unimpressive, growing slowly in the background where nobody could see it.",investing app phone,,broll
30,"If you froze the story right here, everyone would want to be Mark.",investing app phone,,broll
31,Picture them at a party at year three.,investing app phone,,broll
32,"Mark pulls up in the new car, everyone turns to look.",investing app phone,,broll
33,"Dan pulls up in the same used car he's had the whole time, and nobody notices.",investing app phone,,broll
34,"In that exact moment, Mark feels rich and Dan feels invisible.",investing app phone,,broll
35,"But underneath the surface, Dan's money had quietly started doing something Mark's money never could: it began earning money on its own.",cash money counting,,broll
36,"Every dollar Dan invested was now a tiny worker, going out and earning more dollars, which then went out and earned even more.",investing app phone,,broll
37,"His army of dollar-workers was small for now, but it was growing every single month, and crucially, it never slept and never took a day off.",investing app phone,,broll
38,"Mark's dollars, meanwhile, left his account the moment they arrived and never came back.",investing app phone,,broll
39,He wasn't building an army.,investing app phone,,broll
40,"He was renting a lifestyle, and the rent was due again every month, forever.",investing app phone,,broll
41,Now let's fast-forward and watch the gap explode.,finance business b-roll,,broll
42,"Around year ten, something quietly flips.",finance business b-roll,,broll
43,Dan's account isn't growing mainly from his monthly deposits anymore.,finance business b-roll,,broll
44,It's growing from its own past growth.,finance business b-roll,,broll
45,"This is compounding, and it is the closest thing to magic in all of personal finance.",growth chart animation,,chart
46,The returns start earning returns.,finance business b-roll,,broll
47,The curve stops looking like a gentle hill and starts bending upward like a rocket.,finance business b-roll,,broll
48,"Mark, at year ten, is in a strange spot.",finance business b-roll,,broll
49,"He earns a great salary, but he has almost nothing saved, because every raise he ever got was immediately swallowed by a bigger lifestyle.",piggy bank savings,,broll
50,A nicer car.,finance business b-roll,,broll
51,A bigger apartment.,finance business b-roll,,broll
52,The treadmill just got faster.,finance business b-roll,,broll
53,He's running harder than ever and standing in exactly the same place.,finance business b-roll,,broll
54,"Now I want to show you the single most satisfying moment in this entire story, the one that almost nobody sees coming.",finance business b-roll,,broll
55,"Somewhere around year twenty, Dan crosses an invisible line.",finance business b-roll,,broll
56,"Up until this point, most of his wealth came from his own contributions, the money he chose not to spend.",cash money counting,,broll
57,"But at the crossover, that flips completely.",finance business b-roll,,broll
58,"From here on, his account grows more each year from its own returns than from anything he adds himself.",finance business b-roll,,broll
59,Read that again.,finance business b-roll,,broll
60,His money is now out-earning his own savings.,cash money counting,,broll
61,"He could stop contributing entirely, never add another cent, and the snowball would keep rolling downhill on its own, getting bigger every year.",finance business b-roll,,broll
62,"This is the exact moment a saver quietly turns into an investor, and then into someone who is genuinely wealthy.",investing app phone,,broll
63,"Mark never gets anywhere near this line, because Mark never started rolling the snowball in the first place.",finance business b-roll,,broll
64,You can't compound nothing.,growth chart animation,,chart
65,What happened to Mark has a name: lifestyle creep.,investing app phone,,broll
66,"Every time his income went up, his spending went up to match it, so he never actually got ahead.",investing app phone,,broll
67,This is the quiet trap that trains people in great-paying jobs to stay broke for their entire lives.,investing app phone,,broll
68,And here's the brutal math behind it.,investing app phone,,broll
69,"Because Mark never invested, he didn't just miss out on the money he could have saved.",investing app phone,,broll
70,"He missed out on everything that money would have earned, and everything those earnings would have earned, for thirty straight years.",cash money counting,,broll
71,Economists have a phrase for that lost future growth: opportunity cost.,investing app phone,,broll
72,Mark's daily luxuries didn't just cost him their price tag.,investing app phone,,broll
73,They cost him the entire fortune that money could have quietly become.,cash money counting,,broll
74,"So let's jump to the finish line, thirty years in, and add it all up, because this is the part that's genuinely satisfying.",investing app phone,,broll
75,"Dan, the boring one, by consistently investing a sensible slice of that same ordinary paycheck and simply leaving it alone, has built a portfolio worth well over a million dollars.",investing app phone,,broll
76,Sit with that number.,investing app phone,,broll
77,"Same salary as Mark, never a dollar more, and he's a millionaire.",investing app phone,,broll
78,He can walk away from work whenever he wants.,investing app phone,,broll
79,"His money now earns more in a single good year than his job ever paid him in that year, which means his dollar-army now out-earns him.",cash money counting,,broll
80,"He has crossed the line where he works because he wants to, not because he has to.",investing app phone,,broll
81,Now look over at Mark.,investing app phone,,broll
82,"Same career, same lifetime earnings, same thirty years of paychecks.",investing app phone,,broll
83,"But Mark is approaching retirement with almost nothing saved, staring down the frightening reality of working a decade longer than he ever planned, because he has no choice.",piggy bank savings,,broll
84,"The cruel twist is that Mark spent thirty years feeling richer than Dan the entire way, right up until the moment it mattered most.",investing app phone,,broll
85,Same paycheck.,investing app phone,,broll
86,Same thirty years.,investing app phone,,broll
87,"One quietly built a machine that now works for him, while the other spent three decades feeding a machine that gave nothing back.",investing app phone,,broll
88,"That contrast, right there, is the entire lesson.",investing app phone,,broll
89,"Now, right about here, a lot of people push back with a fair question.",cash money counting,,broll
90,"They say, doesn't Mark deserve to enjoy his money?",cash money counting,,broll
91,Isn't Dan just depriving himself for decades to die with a big number in an account?,cash money counting,,broll
92,And that's worth answering honestly.,cash money counting,,broll
93,The point of this story was never that you should live like a hermit and enjoy nothing.,cash money counting,,broll
94,Dan didn't.,cash money counting,,broll
95,"He still went out, still took trips, still had a life.",cash money counting,,broll
96,"The difference is that Dan paid his future self first, automatically, and then enjoyed whatever was left, while Mark paid everyone except his future self and left nothing behind.",cash money counting,,broll
97,Dan bought something Mark never did: freedom.,cash money counting,,broll
98,"The freedom to walk away from a bad boss, to weather an emergency without panic, to choose how he spends his one and only life.",cash money counting,,broll
99,"That, it turns out, is the most expensive luxury of all, and the boring guy was the only one who could afford it.",cash money counting,,broll
100,"Now here's why this actually matters for you, watching right now.",cash money counting,,broll
101,The good news buried in this story is that Dan was not special.,cash money counting,,broll
102,"He wasn't smarter, he didn't earn more, and he didn't pick magic stocks.",cash money counting,,broll
103,He simply automated one boring decision and then got out of his own way for a very long time.,cash money counting,,broll
104,"The two levers that decided everything were within his control the whole time, and they're within yours too: how much of each paycheck you keep, and how early you start letting it grow.",cash money counting,,broll
105,Notice what is not on that list.,cash money counting,,broll
106,Not a six-figure salary.,cash money counting,,broll
107,Not perfect timing.,cash money counting,,broll
108,Not picking the next big company.,cash money counting,,broll
109,Those things barely moved the needle compared to the two simple habits Dan repeated for thirty years.,cash money counting,,broll
110,And here's the part people find hardest to accept: the most powerful ingredient in Dan's entire fortune wasn't money at all.,cash money counting,,broll
111,It was time.,cash money counting,,broll
112,"Time is the one resource you cannot earn more of later, no matter how rich you become, which is why starting small today beats starting big someday.",cash money counting,,broll
113,The single most powerful day to plant this tree was years ago.,cash money counting,,broll
114,The second most powerful day is today.,cash money counting,,broll
115,"So the real question this story leaves you with is simple: right now, are you building Dan's machine, or are you feeding Mark's treadmill?",business office b-roll,,broll
116,"If this made the choice click for you, subscribe, because next week we're breaking down exactly how much of each paycheck someone like Dan actually sets aside, with real numbers you can follow.",business office b-roll,,broll
117,"And one important note: this video is general education, not financial advice, so always do your own research for your own situation.",business office b-roll,,broll
118,"Thanks for watching, and I'll see you in the next one.",business office b-roll,,broll
